>1-1|-1608|94:115|_fw
cctatttaggctaagcgtattc
>2-1|-1888|65:86|_fw
ataggctatcaagtagtatccc
>3-1|-3144|49:70|_fw
ctctttgcacaccttatactag
>4-1|-1375|25:46|_fw
taataagcgcataggtataggg
>5-1|-9838|150:170|_fw
ggtaactaaagtaccctaccc
>6-1|-1840|10:31|_fw
tgccttacaaataacacggaag
>7-1|-9400|22:42|_fw
tttctatacagacgcgcactc
>8-1|-1018|18:39|_fw
taacataggtttagcaggcttg
>9-1|-2949|233:253|_fw
gggagagtttagacttaatgg
>1-1|-1608|1:21|_rev
aacaataggcgagcaattctg
>5-1|-9838|44:63|_rev
acgcttacctctctagtaag
>2-1|-1888|85:104|_rev
aaaggagaacgctgaacttc
>3-1|-3144|21:42|_rev
aatccatgctagggcgtaatac
>4-1|-1375|13:34|_rev
catgcatatgcgaacccttaac
>6-1|-1840|93:114|_rev
agccctcctatgttaattgttc
>7-1|-9400|9:27|_rev
gctaaggtgccctaacaag
