file name,path
template_Seq_file,/isilon/saskatoon-rdc/users/chenql/data/20152017_all/primerDesign/openPrimeR/examples/template_sequences/AvrLm_genes_sequence.fasta
primer_parameter_setting_file,/isilon/saskatoon-rdc/users/chenql/data/20152017_all/primerDesign/openPrimeR/examples/design_settings/primer_parameters.csv
primer_bindRegion_file,/isilon/saskatoon-rdc/users/chenql/data/20152017_all/primerDesign/openPrimeR/examples/design_settings/binding_regions_2.csv
resultDir,/isilon/saskatoon-rdc/users/chenql/data/20152017_all/primerDesign/openPrimeR/examples/results
templateDir,/isilon/saskatoon-rdc/users/chenql/data/20152017_all/primerDesign/openPrimeR/examples/template_sequences
