,value,min,max
"PCR(settings)$use_taq_polymerase (1=TURE, 0=FALSE)",1,,
PCR(settings)$Na_concentration,0,,
PCR(settings)$Mg_concentration,0.0015,,
PCR(settings)$K_concentration,0.05,,
PCR(settings)$Tris_concentration,0,,
PCR(settings)$primer_concentration,2.00E-07,,
PCR(settings)$template_concentration,1.28E-11,,
PCR(settings)$cycles,30,,
constraints(settings)$primer_length,,15,28
constraints(settings)$gc_clamp,,1,3
constraints(settings)$gc_ratio,,0.4,0.6
constraints(settings)$no_runs,,0,3
constraints(settings)$no_repeats,,0,3
constraints(settings)$melting_temp_range,,50,55
constraints(settings)$secondary_structure,,-1,
constraints(settings)$primer_coverage,,1,
constraints(settings)$primer_specificity,,1,1
constraints(settings)$melting_temp_diff,,0,5
cvg_constraints(settings)$stop_codon,,0,1
cvg_constraints(settings)$substitution,,0,1
constraintLimits(settings)$primer_length,,18,22
constraintLimits(settings)$gc_clamp,,0,4
constraintLimits(settings)$gc_ratio,,0.3,0.7
constraintLimits(settings)$no_runs,,0,3
constraintLimits(settings)$no_repeats,,0,3
constraintLimits(settings)$melting_temp_range,,45,75
constraintLimits(settings)$secondary_structure,,-2,
constraintLimits(settings)$primer_coverage,,1,
constraintLimits(settings)$primer_specificity,,0.8,1
constraintLimits(settings)$melting_temp_diff,,0,5
conOptions(settings)$allowed_mismatches,2,,
conOptions(settings)$allowed_other_binding_ratio,1,,
conOptions(settings)$allowed_region_definition,within,,
